Geo Place Name,Year,Data Value
Bay Ridge and Dyker Heights (CD10),2009,10.0
Bay Ridge and Dyker Heights (CD10),2010,11.4
Bay Ridge and Dyker Heights (CD10),2011,9.733333333333334
Bay Ridge and Dyker Heights (CD10),2012,9.566666666666666
Bay Ridge and Dyker Heights (CD10),2013,10.166666666666666
Bay Ridge and Dyker Heights (CD10),2014,8.6
Bay Ridge and Dyker Heights (CD10),2015,8.275
Bay Ridge and Dyker Heights (CD10),2016,7.85
Bay Ridge and Dyker Heights (CD10),2017,8.133333333333335
Bay Ridge and Dyker Heights (CD10),2018,7.233333333333333
Bay Ridge and Dyker Heights (CD10),2019,7.366666666666667
Bay Ridge and Dyker Heights (CD10),2020,6.566666666666666
Bay Ridge and Dyker Heights (CD10),2021,7.3
Bay Ridge and Dyker Heights (CD10),2022,5.95
Bayside - Little Neck,2009,9.333333333333334
Bayside - Little Neck,2010,11.033333333333333
Bayside - Little Neck,2011,9.5
Bayside - Little Neck,2012,9.1
Bayside - Little Neck,2013,9.700000000000001
Bayside - Little Neck,2014,8.4
Bayside - Little Neck,2015,7.925000000000001
Bayside - Little Neck,2016,7.65
Bayside - Little Neck,2017,7.766666666666666
Bayside - Little Neck,2018,7.133333333333333
Bayside - Little Neck,2019,7.066666666666666
Bayside - Little Neck,2020,6.366666666666667
Bayside - Little Neck,2021,6.966666666666666
Bayside - Little Neck,2022,6.0
Bayside Little Neck-Fresh Meadows,2009,9.466666666666667
Bayside Little Neck-Fresh Meadows,2010,11.033333333333333
Bayside Little Neck-Fresh Meadows,2011,9.533333333333333
Bayside Little Neck-Fresh Meadows,2012,9.166666666666666
Bayside Little Neck-Fresh Meadows,2013,9.799999999999999
Bayside Little Neck-Fresh Meadows,2014,8.4
Bayside Little Neck-Fresh Meadows,2015,7.9
Bayside Little Neck-Fresh Meadows,2016,7.7
Bayside Little Neck-Fresh Meadows,2017,7.733333333333333
Bayside Little Neck-Fresh Meadows,2018,7.133333333333333
Bayside Little Neck-Fresh Meadows,2019,7.033333333333334
Bayside Little Neck-Fresh Meadows,2020,6.366666666666667
Bayside Little Neck-Fresh Meadows,2021,6.933333333333334
Bayside Little Neck-Fresh Meadows,2022,5.949999999999999
Bayside and Little Neck (CD11),2009,9.333333333333334
Bayside and Little Neck (CD11),2010,11.033333333333333
Bayside and Little Neck (CD11),2011,9.466666666666667
Bayside and Little Neck (CD11),2012,9.1
Bayside and Little Neck (CD11),2013,9.700000000000001
Bayside and Little Neck (CD11),2014,8.350000000000001
Bayside and Little Neck (CD11),2015,7.9
Bayside and Little Neck (CD11),2016,7.6
Bayside and Little Neck (CD11),2017,7.733333333333333
Bayside and Little Neck (CD11),2018,7.133333333333333
Bayside and Little Neck (CD11),2019,7.033333333333334
Bayside and Little Neck (CD11),2020,6.366666666666667
Bayside and Little Neck (CD11),2021,6.966666666666666
Bayside and Little Neck (CD11),2022,6.0
Bedford Stuyvesant (CD3),2009,10.333333333333334
Bedford Stuyvesant (CD3),2010,11.766666666666666
Bedford Stuyvesant (CD3),2011,10.1
Bedford Stuyvesant (CD3),2012,9.9
Bedford Stuyvesant (CD3),2013,10.6
Bedford Stuyvesant (CD3),2014,9.2
Bedford Stuyvesant (CD3),2015,8.9
Bedford Stuyvesant (CD3),2016,8.2
Bedford Stuyvesant (CD3),2017,8.533333333333333
Bedford Stuyvesant (CD3),2018,7.733333333333333
Bedford Stuyvesant (CD3),2019,7.566666666666666
Bedford Stuyvesant (CD3),2020,6.8
Bedford Stuyvesant (CD3),2021,7.566666666666666
Bedford Stuyvesant (CD3),2022,6.4
Bedford Stuyvesant - Crown Heights,2009,10.366666666666667
Bedford Stuyvesant - Crown Heights,2010,11.700000000000001
Bedford Stuyvesant - Crown Heights,2011,10.033333333333333
Bedford Stuyvesant - Crown Heights,2012,9.866666666666667
Bedford Stuyvesant - Crown Heights,2013,10.466666666666667
Bedford Stuyvesant - Crown Heights,2014,9.05
Bedford Stuyvesant - Crown Heights,2015,8.775
Bedford Stuyvesant - Crown Heights,2016,8.100000000000001
Bedford Stuyvesant - Crown Heights,2017,8.4
Bedford Stuyvesant - Crown Heights,2018,7.666666666666667
Bedford Stuyvesant - Crown Heights,2019,7.5
Bedford Stuyvesant - Crown Heights,2020,6.666666666666667
Bedford Stuyvesant - Crown Heights,2021,7.333333333333333
Bedford Stuyvesant - Crown Heights,2022,6.2
Belmont and East Tremont (CD6),2009,11.200000000000001
Belmont and East Tremont (CD6),2010,12.666666666666666
Belmont and East Tremont (CD6),2011,10.799999999999999
Belmont and East Tremont (CD6),2012,10.666666666666666
Belmont and East Tremont (CD6),2013,11.066666666666668
Belmont and East Tremont (CD6),2014,9.75
Belmont and East Tremont (CD6),2015,9.05
Belmont and East Tremont (CD6),2016,8.55
Belmont and East Tremont (CD6),2017,8.733333333333334
Belmont and East Tremont (CD6),2018,7.966666666666666
Belmont and East Tremont (CD6),2019,7.6000000000000005
Belmont and East Tremont (CD6),2020,6.8
Belmont and East Tremont (CD6),2021,7.7
Belmont and East Tremont (CD6),2022,6.75
Bensonhurst (CD11),2009,9.733333333333333
Bensonhurst (CD11),2010,11.066666666666668
Bensonhurst (CD11),2011,9.433333333333332
Bensonhurst (CD11),2012,9.366666666666667
Bensonhurst (CD11),2013,9.933333333333334
Bensonhurst (CD11),2014,8.3
Bensonhurst (CD11),2015,7.85
Bensonhurst (CD11),2016,7.65
Bensonhurst (CD11),2017,7.833333333333333
Bensonhurst (CD11),2018,7.133333333333333
Bensonhurst (CD11),2019,7.1000000000000005
Bensonhurst (CD11),2020,6.3999999999999995
Bensonhurst (CD11),2021,7.1000000000000005
Bensonhurst (CD11),2022,5.75
Bensonhurst - Bay Ridge,2009,9.766666666666666
Bensonhurst - Bay Ridge,2010,11.166666666666666
Bensonhurst - Bay Ridge,2011,9.466666666666667
Bensonhurst - Bay Ridge,2012,9.366666666666667
Bensonhurst - Bay Ridge,2013,9.966666666666667
Bensonhurst - Bay Ridge,2014,8.4
Bensonhurst - Bay Ridge,2015,7.975
Bensonhurst - Bay Ridge,2016,7.65
Bensonhurst - Bay Ridge,2017,7.8999999999999995
Bensonhurst - Bay Ridge,2018,7.133333333333333
Bensonhurst - Bay Ridge,2019,7.2
Bensonhurst - Bay Ridge,2020,6.433333333333334
Bensonhurst - Bay Ridge,2021,7.133333333333334
Bensonhurst - Bay Ridge,2022,5.8
Borough Park,2009,10.166666666666666
Borough Park,2010,11.433333333333332
Borough Park,2011,9.799999999999999
Borough Park,2012,9.6
Borough Park,2013,10.200000000000001
Borough Park,2014,8.649999999999999
Borough Park,2015,8.325
Borough Park,2016,7.85
Borough Park,2017,8.166666666666666
Borough Park,2018,7.366666666666667
Borough Park,2019,7.233333333333333
Borough Park,2020,6.433333333333334
Borough Park,2021,7.166666666666667
Borough Park,2022,5.95
Borough Park (CD12),2009,10.166666666666666
Borough Park (CD12),2010,11.466666666666667
Borough Park (CD12),2011,9.799999999999999
Borough Park (CD12),2012,9.6
Borough Park (CD12),2013,10.200000000000001
Borough Park (CD12),2014,8.649999999999999
Borough Park (CD12),2015,8.35
Borough Park (CD12),2016,7.85
Borough Park (CD12),2017,8.200000000000001
Borough Park (CD12),2018,7.433333333333333
Borough Park (CD12),2019,7.3
Borough Park (CD12),2020,6.5
Borough Park (CD12),2021,7.266666666666667
Borough Park (CD12),2022,5.95
Bronx,2009,10.6
Bronx,2010,12.266666666666666
Bronx,2011,10.366666666666667
Bronx,2012,10.266666666666666
Bronx,2013,10.733333333333334
Bronx,2014,9.55
Bronx,2015,8.825
Bronx,2016,8.3
Bronx,2017,8.533333333333333
Bronx,2018,7.8
Bronx,2019,7.3
Bronx,2020,6.633333333333333
Bronx,2021,7.5
Bronx,2022,6.6
Brooklyn,2009,10.200000000000001
Brooklyn,2010,11.6
Brooklyn,2011,9.933333333333332
Brooklyn,2012,9.799999999999999
Brooklyn,2013,10.433333333333334
Brooklyn,2014,8.9
Brooklyn,2015,8.6
Brooklyn,2016,8.100000000000001
Brooklyn,2017,8.366666666666667
Brooklyn,2018,7.633333333333334
Brooklyn,2019,7.5
Brooklyn,2020,6.633333333333333
Brooklyn,2021,7.333333333333333
Brooklyn,2022,6.05
Brownsville (CD16),2009,10.466666666666667
Brownsville (CD16),2010,11.666666666666666
Brownsville (CD16),2011,10.066666666666666
Brownsville (CD16),2012,9.9
Brownsville (CD16),2013,10.5
Brownsville (CD16),2014,9.1
Brownsville (CD16),2015,8.8
Brownsville (CD16),2016,8.25
Brownsville (CD16),2017,8.466666666666667
Brownsville (CD16),2018,7.733333333333333
Brownsville (CD16),2019,7.466666666666666
Brownsville (CD16),2020,6.6000000000000005
Brownsville (CD16),2021,7.2
Brownsville (CD16),2022,6.1
Bushwick (CD4),2009,10.266666666666667
Bushwick (CD4),2010,11.733333333333334
Bushwick (CD4),2011,10.033333333333333
Bushwick (CD4),2012,9.9
Bushwick (CD4),2013,10.6
Bushwick (CD4),2014,9.2
Bushwick (CD4),2015,8.875
Bushwick (CD4),2016,8.25
Bushwick (CD4),2017,8.6
Bushwick (CD4),2018,8.0
Bushwick (CD4),2019,7.933333333333333
Bushwick (CD4),2020,6.966666666666666
Bushwick (CD4),2021,7.666666666666667
Bushwick (CD4),2022,6.55
Canarsie - Flatlands,2009,9.666666666666666
Canarsie - Flatlands,2010,10.933333333333332
Canarsie - Flatlands,2011,9.266666666666667
Canarsie - Flatlands,2012,9.333333333333334
Canarsie - Flatlands,2013,9.833333333333334
Canarsie - Flatlands,2014,8.3
Canarsie - Flatlands,2015,7.949999999999999
Canarsie - Flatlands,2016,7.699999999999999
Canarsie - Flatlands,2017,7.8
Canarsie - Flatlands,2018,7.166666666666667
Canarsie - Flatlands,2019,6.933333333333334
Canarsie - Flatlands,2020,6.3
Canarsie - Flatlands,2021,6.8999999999999995
Canarsie - Flatlands,2022,5.65
Central Harlem (CD10),2009,11.133333333333333
Central Harlem (CD10),2010,12.6
Central Harlem (CD10),2011,10.9
Central Harlem (CD10),2012,10.833333333333334
Central Harlem (CD10),2013,11.133333333333333
Central Harlem (CD10),2014,9.649999999999999
Central Harlem (CD10),2015,8.875
Central Harlem (CD10),2016,8.399999999999999
Central Harlem (CD10),2017,8.733333333333334
Central Harlem (CD10),2018,8.0
Central Harlem (CD10),2019,7.566666666666666
Central Harlem (CD10),2020,6.833333333333333
Central Harlem (CD10),2021,7.6000000000000005
Central Harlem (CD10),2022,6.65
Central Harlem - Morningside Heights,2009,11.166666666666666
Central Harlem - Morningside Heights,2010,12.666666666666666
Central Harlem - Morningside Heights,2011,10.933333333333332
Central Harlem - Morningside Heights,2012,10.933333333333332
Central Harlem - Morningside Heights,2013,11.200000000000001
Central Harlem - Morningside Heights,2014,9.649999999999999
Central Harlem - Morningside Heights,2015,8.95
Central Harlem - Morningside Heights,2016,8.5
Central Harlem - Morningside Heights,2017,8.733333333333334
Central Harlem - Morningside Heights,2018,8.0
Central Harlem - Morningside Heights,2019,7.599999999999999
Central Harlem - Morningside Heights,2020,6.833333333333333
Central Harlem - Morningside Heights,2021,7.566666666666666
Central Harlem - Morningside Heights,2022,6.65
Chelsea - Clinton,2009,13.566666666666668
Chelsea - Clinton,2010,14.6
Chelsea - Clinton,2011,13.0
Chelsea - Clinton,2012,13.333333333333334
Chelsea - Clinton,2013,13.9
Chelsea - Clinton,2014,11.95
Chelsea - Clinton,2015,11.1
Chelsea - Clinton,2016,10.45
Chelsea - Clinton,2017,10.799999999999999
Chelsea - Clinton,2018,11.033333333333333
Chelsea - Clinton,2019,10.933333333333332
Chelsea - Clinton,2020,8.6
Chelsea - Clinton,2021,9.366666666666667
Chelsea - Clinton,2022,8.350000000000001
Chelsea-Village,2009,13.033333333333333
Chelsea-Village,2010,14.233333333333334
Chelsea-Village,2011,12.6
Chelsea-Village,2012,12.833333333333334
Chelsea-Village,2013,13.433333333333332
Chelsea-Village,2014,11.6
Chelsea-Village,2015,10.85
Chelsea-Village,2016,10.05
Chelsea-Village,2017,10.533333333333333
Chelsea-Village,2018,10.633333333333333
Chelsea-Village,2019,10.799999999999999
Chelsea-Village,2020,8.5
Chelsea-Village,2021,9.333333333333334
Chelsea-Village,2022,8.25
Clinton and Chelsea (CD4),2009,12.333333333333334
Clinton and Chelsea (CD4),2010,13.833333333333334
Clinton and Chelsea (CD4),2011,12.133333333333333
Clinton and Chelsea (CD4),2012,12.4
Clinton and Chelsea (CD4),2013,13.0
Clinton and Chelsea (CD4),2014,11.3
Clinton and Chelsea (CD4),2015,10.575
Clinton and Chelsea (CD4),2016,9.85
Clinton and Chelsea (CD4),2017,10.266666666666667
Clinton and Chelsea (CD4),2018,10.033333333333333
Clinton and Chelsea (CD4),2019,10.1
Clinton and Chelsea (CD4),2020,8.166666666666666
Clinton and Chelsea (CD4),2021,8.933333333333332
Clinton and Chelsea (CD4),2022,7.9
Coney Island (CD13),2009,9.366666666666667
Coney Island (CD13),2010,10.733333333333334
Coney Island (CD13),2011,9.033333333333333
Coney Island (CD13),2012,9.200000000000001
Coney Island (CD13),2013,9.633333333333333
Coney Island (CD13),2014,7.95
Coney Island (CD13),2015,7.475
Coney Island (CD13),2016,7.5
Coney Island (CD13),2017,7.566666666666666
Coney Island (CD13),2018,6.966666666666666
Coney Island (CD13),2019,6.866666666666667
Coney Island (CD13),2020,6.266666666666667
Coney Island (CD13),2021,6.966666666666666
Coney Island (CD13),2022,5.6
Coney Island - Sheepshead Bay,2009,9.466666666666667
Coney Island - Sheepshead Bay,2010,10.799999999999999
Coney Island - Sheepshead Bay,2011,9.133333333333333
Coney Island - Sheepshead Bay,2012,9.266666666666667
Coney Island - Sheepshead Bay,2013,9.700000000000001
Coney Island - Sheepshead Bay,2014,8.05
Coney Island - Sheepshead Bay,2015,7.575
Coney Island - Sheepshead Bay,2016,7.550000000000001
Coney Island - Sheepshead Bay,2017,7.599999999999999
Coney Island - Sheepshead Bay,2018,7.066666666666666
Coney Island - Sheepshead Bay,2019,6.866666666666667
Coney Island - Sheepshead Bay,2020,6.266666666666667
Coney Island - Sheepshead Bay,2021,6.966666666666666
Coney Island - Sheepshead Bay,2022,5.6
Crotona -Tremont,2009,11.5
Crotona -Tremont,2010,12.933333333333332
Crotona -Tremont,2011,11.1
Crotona -Tremont,2012,10.966666666666667
Crotona -Tremont,2013,11.266666666666666
Crotona -Tremont,2014,10.0
Crotona -Tremont,2015,9.25
Crotona -Tremont,2016,8.7
Crotona -Tremont,2017,8.933333333333332
Crotona -Tremont,2018,8.1
Crotona -Tremont,2019,7.633333333333334
Crotona -Tremont,2020,6.8
Crotona -Tremont,2021,7.599999999999999
Crotona -Tremont,2022,6.7
Crown Heights and Prospect Heights (CD8),2009,10.466666666666667
Crown Heights and Prospect Heights (CD8),2010,11.766666666666666
Crown Heights and Prospect Heights (CD8),2011,10.1
Crown Heights and Prospect Heights (CD8),2012,9.866666666666667
Crown Heights and Prospect Heights (CD8),2013,10.5
Crown Heights and Prospect Heights (CD8),2014,9.1
Crown Heights and Prospect Heights (CD8),2015,8.8
Crown Heights and Prospect Heights (CD8),2016,8.100000000000001
Crown Heights and Prospect Heights (CD8),2017,8.466666666666667
Crown Heights and Prospect Heights (CD8),2018,7.7
Crown Heights and Prospect Heights (CD8),2019,7.633333333333333
Crown Heights and Prospect Heights (CD8),2020,6.733333333333333
Crown Heights and Prospect Heights (CD8),2021,7.466666666666666
Crown Heights and Prospect Heights (CD8),2022,6.35
Downtown - Heights - Slope,2009,10.966666666666667
Downtown - Heights - Slope,2010,12.566666666666668
Downtown - Heights - Slope,2011,10.866666666666667
Downtown - Heights - Slope,2012,10.566666666666666
Downtown - Heights - Slope,2013,11.299999999999999
Downtown - Heights - Slope,2014,10.0
Downtown - Heights - Slope,2015,9.725000000000001
Downtown - Heights - Slope,2016,8.85
Downtown - Heights - Slope,2017,9.299999999999999
Downtown - Heights - Slope,2018,8.333333333333334
Downtown - Heights - Slope,2019,8.299999999999999
Downtown - Heights - Slope,2020,7.133333333333333
Downtown - Heights - Slope,2021,7.866666666666667
Downtown - Heights - Slope,2022,6.65
East Flatbush (CD17),2009,10.366666666666667
East Flatbush (CD17),2010,11.6
East Flatbush (CD17),2011,9.966666666666667
East Flatbush (CD17),2012,9.799999999999999
East Flatbush (CD17),2013,10.4
East Flatbush (CD17),2014,8.95
East Flatbush (CD17),2015,8.6
East Flatbush (CD17),2016,8.100000000000001
East Flatbush (CD17),2017,8.366666666666667
East Flatbush (CD17),2018,7.5
East Flatbush (CD17),2019,7.266666666666667
East Flatbush (CD17),2020,6.5
East Flatbush (CD17),2021,7.166666666666667
East Flatbush (CD17),2022,5.95
East Flatbush - Flatbush,2009,10.3
East Flatbush - Flatbush,2010,11.533333333333333
East Flatbush - Flatbush,2011,9.9
East Flatbush - Flatbush,2012,9.700000000000001
East Flatbush - Flatbush,2013,10.299999999999999
East Flatbush - Flatbush,2014,8.75
East Flatbush - Flatbush,2015,8.475
East Flatbush - Flatbush,2016,7.95
East Flatbush - Flatbush,2017,8.233333333333334
East Flatbush - Flatbush,2018,7.400000000000001
East Flatbush - Flatbush,2019,7.233333333333333
East Flatbush - Flatbush,2020,6.466666666666666
East Flatbush - Flatbush,2021,7.133333333333334
East Flatbush - Flatbush,2022,5.9
East Harlem,2009,10.716666666666667
East Harlem,2010,12.516666666666666
East Harlem,2011,10.766666666666666
East Harlem,2012,10.733333333333334
East Harlem,2013,11.116666666666667
East Harlem,2014,9.700000000000001
East Harlem,2015,9.125
East Harlem,2016,8.7
East Harlem,2017,8.866666666666667
East Harlem,2018,7.966666666666666
East Harlem,2019,7.733333333333333
East Harlem,2020,6.833333333333333
East Harlem,2021,7.5
East Harlem,2022,6.55
East Harlem (CD11),2009,10.9
East Harlem (CD11),2010,12.6
East Harlem (CD11),2011,10.9
East Harlem (CD11),2012,10.9
East Harlem (CD11),2013,11.266666666666666
East Harlem (CD11),2014,9.8
East Harlem (CD11),2015,9.125
East Harlem (CD11),2016,8.65
East Harlem (CD11),2017,8.833333333333334
East Harlem (CD11),2018,7.966666666666666
East Harlem (CD11),2019,7.733333333333333
East Harlem (CD11),2020,6.833333333333333
East Harlem (CD11),2021,7.5
East Harlem (CD11),2022,6.65
East New York,2009,10.016666666666667
East New York,2010,11.266666666666666
East New York,2011,9.633333333333333
East New York,2012,9.566666666666666
East New York,2013,10.133333333333333
East New York,2014,8.775
East New York,2015,8.6
East New York,2016,8.2
East New York,2017,8.266666666666666
East New York,2018,7.566666666666666
East New York,2019,7.333333333333333
East New York,2020,6.566666666666666
East New York,2021,7.166666666666667
East New York,2022,6.050000000000001
East New York and Starrett City (CD5),2009,10.2
East New York and Starrett City (CD5),2010,11.4
East New York and Starrett City (CD5),2011,9.799999999999999
East New York and Starrett City (CD5),2012,9.799999999999999
East New York and Starrett City (CD5),2013,10.299999999999999
East New York and Starrett City (CD5),2014,8.899999999999999
East New York and Starrett City (CD5),2015,8.55
East New York and Starrett City (CD5),2016,8.149999999999999
East New York and Starrett City (CD5),2017,8.233333333333333
East New York and Starrett City (CD5),2018,7.5
East New York and Starrett City (CD5),2019,7.266666666666667
East New York and Starrett City (CD5),2020,6.566666666666666
East New York and Starrett City (CD5),2021,7.166666666666667
East New York and Starrett City (CD5),2022,6.0
Elmhurst and Corona (CD4),2009,10.166666666666666
Elmhurst and Corona (CD4),2010,11.666666666666666
Elmhurst and Corona (CD4),2011,10.066666666666666
Elmhurst and Corona (CD4),2012,9.966666666666667
Elmhurst and Corona (CD4),2013,10.566666666666666
Elmhurst and Corona (CD4),2014,9.1
Elmhurst and Corona (CD4),2015,8.524999999999999
Elmhurst and Corona (CD4),2016,8.25
Elmhurst and Corona (CD4),2017,8.266666666666666
Elmhurst and Corona (CD4),2018,7.766666666666667
Elmhurst and Corona (CD4),2019,7.8
Elmhurst and Corona (CD4),2020,6.8
Elmhurst and Corona (CD4),2021,7.433333333333334
Elmhurst and Corona (CD4),2022,6.449999999999999
Financial District (CD1),2009,12.533333333333333
Financial District (CD1),2010,13.633333333333335
Financial District (CD1),2011,12.033333333333333
Financial District (CD1),2012,12.066666666666668
Financial District (CD1),2013,12.700000000000001
Financial District (CD1),2014,10.95
Financial District (CD1),2015,10.375
Financial District (CD1),2016,9.45
Financial District (CD1),2017,10.0
Financial District (CD1),2018,9.533333333333333
Financial District (CD1),2019,9.366666666666667
Financial District (CD1),2020,7.733333333333333
Financial District (CD1),2021,8.533333333333333
Financial District (CD1),2022,7.300000000000001
Flatbush and Midwood (CD14),2009,10.233333333333333
Flatbush and Midwood (CD14),2010,11.433333333333332
Flatbush and Midwood (CD14),2011,9.833333333333334
Flatbush and Midwood (CD14),2012,9.666666666666666
Flatbush and Midwood (CD14),2013,10.200000000000001
Flatbush and Midwood (CD14),2014,8.649999999999999
Flatbush and Midwood (CD14),2015,8.3
Flatbush and Midwood (CD14),2016,7.8
Flatbush and Midwood (CD14),2017,8.133333333333335
Flatbush and Midwood (CD14),2018,7.333333333333333
Flatbush and Midwood (CD14),2019,7.166666666666667
Flatbush and Midwood (CD14),2020,6.433333333333334
Flatbush and Midwood (CD14),2021,7.133333333333334
Flatbush and Midwood (CD14),2022,5.85
Flatlands and Canarsie (CD18),2009,9.6
Flatlands and Canarsie (CD18),2010,10.9
Flatlands and Canarsie (CD18),2011,9.266666666666667
Flatlands and Canarsie (CD18),2012,9.299999999999999
Flatlands and Canarsie (CD18),2013,9.766666666666667
Flatlands and Canarsie (CD18),2014,8.3
Flatlands and Canarsie (CD18),2015,7.925
Flatlands and Canarsie (CD18),2016,7.699999999999999
Flatlands and Canarsie (CD18),2017,7.8
Flatlands and Canarsie (CD18),2018,7.133333333333333
Flatlands and Canarsie (CD18),2019,6.866666666666667
Flatlands and Canarsie (CD18),2020,6.266666666666667
Flatlands and Canarsie (CD18),2021,6.866666666666667
Flatlands and Canarsie (CD18),2022,5.6
Flushing - Clearview,2009,9.666666666666666
Flushing - Clearview,2010,11.433333333333332
Flushing - Clearview,2011,9.766666666666666
Flushing - Clearview,2012,9.466666666666667
Flushing - Clearview,2013,10.083333333333334
Flushing - Clearview,2014,8.7
Flushing - Clearview,2015,8.175
Flushing - Clearview,2016,7.9
Flushing - Clearview,2017,8.033333333333333
Flushing - Clearview,2018,7.5
Flushing - Clearview,2019,7.3999999999999995
Flushing - Clearview,2020,6.6000000000000005
Flushing - Clearview,2021,7.2
Flushing - Clearview,2022,6.25
Flushing and Whitestone (CD7),2009,9.766666666666667
Flushing and Whitestone (CD7),2010,11.433333333333332
Flushing and Whitestone (CD7),2011,9.833333333333334
Flushing and Whitestone (CD7),2012,9.466666666666667
Flushing and Whitestone (CD7),2013,10.1
Flushing and Whitestone (CD7),2014,8.75
Flushing and Whitestone (CD7),2015,8.225
Flushing and Whitestone (CD7),2016,7.95
Flushing and Whitestone (CD7),2017,8.066666666666666
Flushing and Whitestone (CD7),2018,7.533333333333334
Flushing and Whitestone (CD7),2019,7.466666666666666
Flushing and Whitestone (CD7),2020,6.633333333333333
Flushing and Whitestone (CD7),2021,7.266666666666667
Flushing and Whitestone (CD7),2022,6.300000000000001
Fordham - Bronx Pk,2009,10.766666666666666
Fordham - Bronx Pk,2010,12.233333333333334
Fordham - Bronx Pk,2011,10.299999999999999
Fordham - Bronx Pk,2012,10.266666666666667
Fordham - Bronx Pk,2013,10.666666666666666
Fordham - Bronx Pk,2014,9.5
Fordham - Bronx Pk,2015,8.675
Fordham - Bronx Pk,2016,8.1
Fordham - Bronx Pk,2017,8.366666666666667
Fordham - Bronx Pk,2018,7.666666666666667
Fordham - Bronx Pk,2019,7.066666666666666
Fordham - Bronx Pk,2020,6.533333333333334
Fordham - Bronx Pk,2021,7.566666666666666
Fordham - Bronx Pk,2022,6.6
Fordham and University Heights (CD5),2009,11.933333333333332
Fordham and University Heights (CD5),2010,13.200000000000001
Fordham and University Heights (CD5),2011,11.4
Fordham and University Heights (CD5),2012,11.266666666666666
Fordham and University Heights (CD5),2013,11.533333333333333
Fordham and University Heights (CD5),2014,10.2
Fordham and University Heights (CD5),2015,9.425
Fordham and University Heights (CD5),2016,8.85
Fordham and University Heights (CD5),2017,9.066666666666666
Fordham and University Heights (CD5),2018,8.233333333333333
Fordham and University Heights (CD5),2019,7.6000000000000005
Fordham and University Heights (CD5),2020,6.733333333333333
Fordham and University Heights (CD5),2021,7.566666666666666
Fordham and University Heights (CD5),2022,6.6
Fort Greene and Brooklyn Heights (CD2),2009,10.933333333333332
Fort Greene and Brooklyn Heights (CD2),2010,12.533333333333333
Fort Greene and Brooklyn Heights (CD2),2011,10.833333333333334
Fort Greene and Brooklyn Heights (CD2),2012,10.6
Fort Greene and Brooklyn Heights (CD2),2013,11.333333333333334
Fort Greene and Brooklyn Heights (CD2),2014,9.95
Fort Greene and Brooklyn Heights (CD2),2015,9.675
Fort Greene and Brooklyn Heights (CD2),2016,8.8
Fort Greene and Brooklyn Heights (CD2),2017,9.200000000000001
Fort Greene and Brooklyn Heights (CD2),2018,8.166666666666666
Fort Greene and Brooklyn Heights (CD2),2019,8.166666666666666
Fort Greene and Brooklyn Heights (CD2),2020,7.1000000000000005
Fort Greene and Brooklyn Heights (CD2),2021,7.866666666666667
Fort Greene and Brooklyn Heights (CD2),2022,6.7
Fresh Meadows,2009,9.666666666666666
Fresh Meadows,2010,11.066666666666668
Fresh Meadows,2011,9.566666666666666
Fresh Meadows,2012,9.266666666666666
Fresh Meadows,2013,9.833333333333334
Fresh Meadows,2014,8.4
Fresh Meadows,2015,7.949999999999999
Fresh Meadows,2016,7.699999999999999
Fresh Meadows,2017,7.766666666666666
Fresh Meadows,2018,7.133333333333333
Fresh Meadows,2019,7.066666666666666
Fresh Meadows,2020,6.366666666666667
Fresh Meadows,2021,6.8999999999999995
Fresh Meadows,2022,5.9
Gramercy Park - Murray Hill,2009,14.533333333333333
Gramercy Park - Murray Hill,2010,15.166666666666666
Gramercy Park - Murray Hill,2011,13.700000000000001
Gramercy Park - Murray Hill,2012,14.066666666666668
Gramercy Park - Murray Hill,2013,14.566666666666665
Gramercy Park - Murray Hill,2014,12.5
Gramercy Park - Murray Hill,2015,11.5
Gramercy Park - Murray Hill,2016,10.85
Gramercy Park - Murray Hill,2017,11.1
Gramercy Park - Murray Hill,2018,11.200000000000001
Gramercy Park - Murray Hill,2019,10.733333333333334
Gramercy Park - Murray Hill,2020,8.299999999999999
Gramercy Park - Murray Hill,2021,9.033333333333333
Gramercy Park - Murray Hill,2022,7.95
Greenpoint,2009,11.0
Greenpoint,2010,12.966666666666667
Greenpoint,2011,11.166666666666666
Greenpoint,2012,11.1
Greenpoint,2013,11.833333333333334
Greenpoint,2014,10.65
Greenpoint,2015,10.3
Greenpoint,2016,9.55
Greenpoint,2017,9.966666666666667
Greenpoint,2018,9.266666666666666
Greenpoint,2019,9.033333333333333
Greenpoint,2020,7.666666666666667
Greenpoint,2021,8.233333333333334
Greenpoint,2022,6.85
Greenpoint and Williamsburg (CD1),2009,11.133333333333333
Greenpoint and Williamsburg (CD1),2010,13.066666666666668
Greenpoint and Williamsburg (CD1),2011,11.266666666666666
Greenpoint and Williamsburg (CD1),2012,11.200000000000001
Greenpoint and Williamsburg (CD1),2013,11.933333333333332
Greenpoint and Williamsburg (CD1),2014,10.7
Greenpoint and Williamsburg (CD1),2015,10.4
Greenpoint and Williamsburg (CD1),2016,9.65
Greenpoint and Williamsburg (CD1),2017,10.066666666666666
Greenpoint and Williamsburg (CD1),2018,9.4
Greenpoint and Williamsburg (CD1),2019,9.066666666666666
Greenpoint and Williamsburg (CD1),2020,7.733333333333333
Greenpoint and Williamsburg (CD1),2021,8.266666666666667
Greenpoint and Williamsburg (CD1),2022,6.85
Greenwich Village - SoHo,2009,11.966666666666667
Greenwich Village - SoHo,2010,13.433333333333332
Greenwich Village - SoHo,2011,11.766666666666666
Greenwich Village - SoHo,2012,11.833333333333334
Greenwich Village - SoHo,2013,12.5
Greenwich Village - SoHo,2014,10.9
Greenwich Village - SoHo,2015,10.325
Greenwich Village - SoHo,2016,9.45
Greenwich Village - SoHo,2017,9.966666666666667
Greenwich Village - SoHo,2018,9.9
Greenwich Village - SoHo,2019,10.5
Greenwich Village - SoHo,2020,8.366666666666667
Greenwich Village - SoHo,2021,9.133333333333333
Greenwich Village - SoHo,2022,8.0
Greenwich Village and Soho (CD2),2009,12.033333333333333
Greenwich Village and Soho (CD2),2010,13.466666666666667
Greenwich Village and Soho (CD2),2011,11.833333333333334
Greenwich Village and Soho (CD2),2012,11.933333333333332
Greenwich Village and Soho (CD2),2013,12.566666666666668
Greenwich Village and Soho (CD2),2014,10.95
Greenwich Village and Soho (CD2),2015,10.35
Greenwich Village and Soho (CD2),2016,9.55
Greenwich Village and Soho (CD2),2017,10.0
Greenwich Village and Soho (CD2),2018,10.1
Greenwich Village and Soho (CD2),2019,10.833333333333334
Greenwich Village and Soho (CD2),2020,8.6
Greenwich Village and Soho (CD2),2021,9.466666666666667
Greenwich Village and Soho (CD2),2022,8.350000000000001
High Bridge - Morrisania,2009,11.533333333333333
High Bridge - Morrisania,2010,12.933333333333332
High Bridge - Morrisania,2011,11.200000000000001
High Bridge - Morrisania,2012,11.033333333333333
High Bridge - Morrisania,2013,11.366666666666667
High Bridge - Morrisania,2014,9.95
High Bridge - Morrisania,2015,9.2
High Bridge - Morrisania,2016,8.75
High Bridge - Morrisania,2017,8.966666666666667
High Bridge - Morrisania,2018,8.200000000000001
High Bridge - Morrisania,2019,7.5
High Bridge - Morrisania,2020,6.633333333333333
High Bridge - Morrisania,2021,7.433333333333333
High Bridge - Morrisania,2022,6.6
Highbridge and Concourse (CD4),2009,11.766666666666666
Highbridge and Concourse (CD4),2010,13.1
Highbridge and Concourse (CD4),2011,11.333333333333334
Highbridge and Concourse (CD4),2012,11.166666666666666
Highbridge and Concourse (CD4),2013,11.466666666666667
Highbridge and Concourse (CD4),2014,10.05
Highbridge and Concourse (CD4),2015,9.3
Highbridge and Concourse (CD4),2016,8.8
Highbridge and Concourse (CD4),2017,9.066666666666666
Highbridge and Concourse (CD4),2018,8.233333333333333
Highbridge and Concourse (CD4),2019,7.533333333333334
Highbridge and Concourse (CD4),2020,6.633333333333333
Highbridge and Concourse (CD4),2021,7.433333333333334
Highbridge and Concourse (CD4),2022,6.55
Hillcrest and Fresh Meadows (CD8),2009,9.700000000000001
Hillcrest and Fresh Meadows (CD8),2010,11.066666666666668
Hillcrest and Fresh Meadows (CD8),2011,9.566666666666666
Hillcrest and Fresh Meadows (CD8),2012,9.266666666666666
Hillcrest and Fresh Meadows (CD8),2013,9.833333333333334
Hillcrest and Fresh Meadows (CD8),2014,8.4
Hillcrest and Fresh Meadows (CD8),2015,7.949999999999999
Hillcrest and Fresh Meadows (CD8),2016,7.699999999999999
Hillcrest and Fresh Meadows (CD8),2017,7.766666666666666
Hillcrest and Fresh Meadows (CD8),2018,7.2
Hillcrest and Fresh Meadows (CD8),2019,7.1000000000000005
Hillcrest and Fresh Meadows (CD8),2020,6.3999999999999995
Hillcrest and Fresh Meadows (CD8),2021,6.8999999999999995
Hillcrest and Fresh Meadows (CD8),2022,5.9
Hunts Point - Mott Haven,2009,9.700000000000001
Hunts Point - Mott Haven,2010,11.566666666666668
Hunts Point - Mott Haven,2011,9.833333333333334
Hunts Point - Mott Haven,2012,9.633333333333333
Hunts Point - Mott Haven,2013,10.133333333333333
Hunts Point - Mott Haven,2014,9.05
Hunts Point - Mott Haven,2015,9.275
Hunts Point - Mott Haven,2016,8.9
Hunts Point - Mott Haven,2017,9.1
Hunts Point - Mott Haven,2018,8.366666666666667
Hunts Point - Mott Haven,2019,7.833333333333333
Hunts Point - Mott Haven,2020,7.0
Hunts Point - Mott Haven,2021,7.766666666666667
Hunts Point - Mott Haven,2022,6.7
Hunts Point and Longwood (CD2),2009,11.200000000000001
Hunts Point and Longwood (CD2),2010,12.966666666666667
Hunts Point and Longwood (CD2),2011,11.200000000000001
Hunts Point and Longwood (CD2),2012,10.966666666666667
Hunts Point and Longwood (CD2),2013,11.433333333333332
Hunts Point and Longwood (CD2),2014,10.15
Hunts Point and Longwood (CD2),2015,9.5
Hunts Point and Longwood (CD2),2016,9.1
Hunts Point and Longwood (CD2),2017,9.333333333333334
Hunts Point and Longwood (CD2),2018,8.633333333333333
Hunts Point and Longwood (CD2),2019,8.1
Hunts Point and Longwood (CD2),2020,7.233333333333333
Hunts Point and Longwood (CD2),2021,8.066666666666666
Hunts Point and Longwood (CD2),2022,7.0
Jackson Heights (CD3),2009,9.633333333333333
Jackson Heights (CD3),2010,11.299999999999999
Jackson Heights (CD3),2011,9.666666666666666
Jackson Heights (CD3),2012,9.5
Jackson Heights (CD3),2013,10.133333333333333
Jackson Heights (CD3),2014,8.7
Jackson Heights (CD3),2015,8.125
Jackson Heights (CD3),2016,7.85
Jackson Heights (CD3),2017,7.966666666666666
Jackson Heights (CD3),2018,7.5
Jackson Heights (CD3),2019,7.566666666666666
Jackson Heights (CD3),2020,6.733333333333333
Jackson Heights (CD3),2021,7.366666666666667
Jackson Heights (CD3),2022,6.4
Jamaica,2009,9.700000000000001
Jamaica,2010,10.966666666666667
Jamaica,2011,9.5
Jamaica,2012,9.366666666666667
Jamaica,2013,9.833333333333334
Jamaica,2014,8.35
Jamaica,2015,7.925
Jamaica,2016,7.75
Jamaica,2017,7.8
Jamaica,2018,7.300000000000001
Jamaica,2019,7.066666666666666
Jamaica,2020,6.466666666666666
Jamaica,2021,7.0
Jamaica,2022,5.949999999999999
Jamaica and Hollis (CD12),2009,9.666666666666666
Jamaica and Hollis (CD12),2010,10.9
Jamaica and Hollis (CD12),2011,9.5
Jamaica and Hollis (CD12),2012,9.366666666666667
Jamaica and Hollis (CD12),2013,9.833333333333334
Jamaica and Hollis (CD12),2014,8.35
Jamaica and Hollis (CD12),2015,7.925
Jamaica and Hollis (CD12),2016,7.8
Jamaica and Hollis (CD12),2017,7.8
Jamaica and Hollis (CD12),2018,7.3
Jamaica and Hollis (CD12),2019,7.033333333333334
Jamaica and Hollis (CD12),2020,6.3999999999999995
Jamaica and Hollis (CD12),2021,6.933333333333334
Jamaica and Hollis (CD12),2022,5.949999999999999
Kew Gardens and Woodhaven (CD9),2009,9.966666666666667
Kew Gardens and Woodhaven (CD9),2010,11.1
Kew Gardens and Woodhaven (CD9),2011,9.533333333333333
Kew Gardens and Woodhaven (CD9),2012,9.5
Kew Gardens and Woodhaven (CD9),2013,10.033333333333333
Kew Gardens and Woodhaven (CD9),2014,8.55
Kew Gardens and Woodhaven (CD9),2015,8.15
Kew Gardens and Woodhaven (CD9),2016,7.85
Kew Gardens and Woodhaven (CD9),2017,7.933333333333334
Kew Gardens and Woodhaven (CD9),2018,7.366666666666666
Kew Gardens and Woodhaven (CD9),2019,7.266666666666667
Kew Gardens and Woodhaven (CD9),2020,6.533333333333334
Kew Gardens and Woodhaven (CD9),2021,7.133333333333333
Kew Gardens and Woodhaven (CD9),2022,6.1
Kingsbridge - Riverdale,2009,10.666666666666666
Kingsbridge - Riverdale,2010,12.200000000000001
Kingsbridge - Riverdale,2011,10.166666666666666
Kingsbridge - Riverdale,2012,10.133333333333333
Kingsbridge - Riverdale,2013,10.5
Kingsbridge - Riverdale,2014,9.45
Kingsbridge - Riverdale,2015,8.675
Kingsbridge - Riverdale,2016,7.95
Kingsbridge - Riverdale,2017,8.299999999999999
Kingsbridge - Riverdale,2018,7.5
Kingsbridge - Riverdale,2019,6.966666666666666
Kingsbridge - Riverdale,2020,6.5
Kingsbridge - Riverdale,2021,7.5
Kingsbridge - Riverdale,2022,6.55
Kingsbridge Heights and Bedford (CD7),2009,11.200000000000001
Kingsbridge Heights and Bedford (CD7),2010,12.533333333333333
Kingsbridge Heights and Bedford (CD7),2011,10.633333333333333
Kingsbridge Heights and Bedford (CD7),2012,10.566666666666666
Kingsbridge Heights and Bedford (CD7),2013,10.966666666666667
Kingsbridge Heights and Bedford (CD7),2014,9.7
Kingsbridge Heights and Bedford (CD7),2015,8.875
Kingsbridge Heights and Bedford (CD7),2016,8.3
Kingsbridge Heights and Bedford (CD7),2017,8.566666666666666
Kingsbridge Heights and Bedford (CD7),2018,7.833333333333333
Kingsbridge Heights and Bedford (CD7),2019,7.166666666666667
Kingsbridge Heights and Bedford (CD7),2020,6.633333333333333
Kingsbridge Heights and Bedford (CD7),2021,7.566666666666666
Kingsbridge Heights and Bedford (CD7),2022,6.7
Long Island City - Astoria,2009,10.5
Long Island City - Astoria,2010,12.466666666666667
Long Island City - Astoria,2011,10.666666666666666
Long Island City - Astoria,2012,10.733333333333334
Long Island City - Astoria,2013,11.4
Long Island City - Astoria,2014,10.0
Long Island City - Astoria,2015,9.525
Long Island City - Astoria,2016,9.05
Long Island City - Astoria,2017,9.299999999999999
Long Island City - Astoria,2018,8.733333333333333
Long Island City - Astoria,2019,8.533333333333333
Long Island City - Astoria,2020,7.333333333333333
Long Island City - Astoria,2021,7.866666666666667
Long Island City - Astoria,2022,6.800000000000001
Long Island City and Astoria (CD1),2009,9.833333333333334
Long Island City and Astoria (CD1),2010,11.866666666666667
Long Island City and Astoria (CD1),2011,10.066666666666666
Long Island City and Astoria (CD1),2012,10.066666666666668
Long Island City and Astoria (CD1),2013,10.633333333333333
Long Island City and Astoria (CD1),2014,9.25
Long Island City and Astoria (CD1),2015,8.675
Long Island City and Astoria (CD1),2016,8.35
Long Island City and Astoria (CD1),2017,8.533333333333333
Long Island City and Astoria (CD1),2018,7.966666666666666
Long Island City and Astoria (CD1),2019,7.866666666666667
Long Island City and Astoria (CD1),2020,6.8999999999999995
Long Island City and Astoria (CD1),2021,7.533333333333332
Long Island City and Astoria (CD1),2022,6.6
Lower East Side and Chinatown (CD3),2009,11.0
Lower East Side and Chinatown (CD3),2010,12.700000000000001
Lower East Side and Chinatown (CD3),2011,10.933333333333332
Lower East Side and Chinatown (CD3),2012,10.966666666666667
Lower East Side and Chinatown (CD3),2013,11.666666666666666
Lower East Side and Chinatown (CD3),2014,10.15
Lower East Side and Chinatown (CD3),2015,9.75
Lower East Side and Chinatown (CD3),2016,8.899999999999999
Lower East Side and Chinatown (CD3),2017,9.299999999999999
Lower East Side and Chinatown (CD3),2018,8.9
Lower East Side and Chinatown (CD3),2019,9.533333333333333
Lower East Side and Chinatown (CD3),2020,7.7
Lower East Side and Chinatown (CD3),2021,8.433333333333332
Lower East Side and Chinatown (CD3),2022,7.300000000000001
Lower Manhattan,2009,12.6
Lower Manhattan,2010,13.633333333333335
Lower Manhattan,2011,12.066666666666668
Lower Manhattan,2012,12.066666666666668
Lower Manhattan,2013,12.700000000000001
Lower Manhattan,2014,10.9
Lower Manhattan,2015,10.325
Lower Manhattan,2016,9.45
Lower Manhattan,2017,9.966666666666667
Lower Manhattan,2018,9.433333333333334
Lower Manhattan,2019,9.200000000000001
Lower Manhattan,2020,7.633333333333333
Lower Manhattan,2021,8.433333333333332
Lower Manhattan,2022,7.25
Manhattan,2009,12.066666666666668
Manhattan,2010,13.366666666666667
Manhattan,2011,11.700000000000001
Manhattan,2012,11.799999999999999
Manhattan,2013,12.266666666666666
Manhattan,2014,10.600000000000001
Manhattan,2015,9.875
Manhattan,2016,9.25
Manhattan,2017,9.566666666666666
Manhattan,2018,9.166666666666666
Manhattan,2019,8.933333333333334
Manhattan,2020,7.5
Manhattan,2021,8.233333333333334
Manhattan,2022,7.25
Midtown (CD5),2009,15.766666666666666
Midtown (CD5),2010,15.966666666666669
Midtown (CD5),2011,14.666666666666666
Midtown (CD5),2012,15.066666666666668
Midtown (CD5),2013,15.533333333333331
Midtown (CD5),2014,13.2
Midtown (CD5),2015,12.05
Midtown (CD5),2016,11.399999999999999
Midtown (CD5),2017,11.799999999999999
Midtown (CD5),2018,12.633333333333333
Midtown (CD5),2019,12.200000000000001
Midtown (CD5),2020,9.166666666666666
Midtown (CD5),2021,9.966666666666667
Midtown (CD5),2022,8.899999999999999
Morningside Heights and Hamilton Heights (CD9),2009,11.233333333333334
Morningside Heights and Hamilton Heights (CD9),2010,12.733333333333334
Morningside Heights and Hamilton Heights (CD9),2011,11.033333333333333
Morningside Heights and Hamilton Heights (CD9),2012,11.0
Morningside Heights and Hamilton Heights (CD9),2013,11.266666666666666
Morningside Heights and Hamilton Heights (CD9),2014,9.75
Morningside Heights and Hamilton Heights (CD9),2015,8.975
Morningside Heights and Hamilton Heights (CD9),2016,8.5
Morningside Heights and Hamilton Heights (CD9),2017,8.799999999999999
Morningside Heights and Hamilton Heights (CD9),2018,7.966666666666666
Morningside Heights and Hamilton Heights (CD9),2019,7.5
Morningside Heights and Hamilton Heights (CD9),2020,6.8
Morningside Heights and Hamilton Heights (CD9),2021,7.566666666666666
Morningside Heights and Hamilton Heights (CD9),2022,6.65
Morris Park and Bronxdale (CD11),2009,10.133333333333333
Morris Park and Bronxdale (CD11),2010,11.9
Morris Park and Bronxdale (CD11),2011,9.933333333333334
Morris Park and Bronxdale (CD11),2012,9.833333333333334
Morris Park and Bronxdale (CD11),2013,10.366666666666667
Morris Park and Bronxdale (CD11),2014,9.2
Morris Park and Bronxdale (CD11),2015,8.5
Morris Park and Bronxdale (CD11),2016,8.0
Morris Park and Bronxdale (CD11),2017,8.233333333333333
Morris Park and Bronxdale (CD11),2018,7.6000000000000005
Morris Park and Bronxdale (CD11),2019,7.1000000000000005
Morris Park and Bronxdale (CD11),2020,6.533333333333334
Morris Park and Bronxdale (CD11),2021,7.5
Morris Park and Bronxdale (CD11),2022,6.6
Morrisania and Crotona (CD3),2009,11.1
Morrisania and Crotona (CD3),2010,12.566666666666668
Morrisania and Crotona (CD3),2011,10.799999999999999
Morrisania and Crotona (CD3),2012,10.6
Morrisania and Crotona (CD3),2013,10.966666666666667
Morrisania and Crotona (CD3),2014,9.600000000000001
Morrisania and Crotona (CD3),2015,8.9
Morrisania and Crotona (CD3),2016,8.45
Morrisania and Crotona (CD3),2017,8.700000000000001
Morrisania and Crotona (CD3),2018,7.900000000000001
Morrisania and Crotona (CD3),2019,7.3999999999999995
Morrisania and Crotona (CD3),2020,6.7
Morrisania and Crotona (CD3),2021,7.599999999999999
Morrisania and Crotona (CD3),2022,6.75
Mott Haven and Melrose (CD1),2009,11.4
Mott Haven and Melrose (CD1),2010,13.1
Mott Haven and Melrose (CD1),2011,11.366666666666667
Mott Haven and Melrose (CD1),2012,11.200000000000001
Mott Haven and Melrose (CD1),2013,11.566666666666668
Mott Haven and Melrose (CD1),2014,10.2
Mott Haven and Melrose (CD1),2015,9.525
Mott Haven and Melrose (CD1),2016,9.15
Mott Haven and Melrose (CD1),2017,9.333333333333334
Mott Haven and Melrose (CD1),2018,8.566666666666666
Mott Haven and Melrose (CD1),2019,7.966666666666666
Mott Haven and Melrose (CD1),2020,6.8999999999999995
Mott Haven and Melrose (CD1),2021,7.566666666666666
Mott Haven and Melrose (CD1),2022,6.65
New York City,2009,10.033333333333333
New York City,2010,11.5
New York City,2011,9.9
New York City,2012,9.766666666666667
New York City,2013,10.333333333333334
New York City,2014,8.8
New York City,2015,8.375
New York City,2016,8.0
New York City,2017,8.200000000000001
New York City,2018,7.533333333333334
New York City,2019,7.3
New York City,2020,6.6000000000000005
New York City,2021,7.2
New York City,2022,6.1
Northeast Bronx,2009,10.066666666666666
Northeast Bronx,2010,11.9
Northeast Bronx,2011,9.799999999999999
Northeast Bronx,2012,9.833333333333334
Northeast Bronx,2013,10.466666666666667
Northeast Bronx,2014,9.399999999999999
Northeast Bronx,2015,8.675
Northeast Bronx,2016,8.0
Northeast Bronx,2017,8.299999999999999
Northeast Bronx,2018,7.5
Northeast Bronx,2019,7.033333333333334
Northeast Bronx,2020,6.5
Northeast Bronx,2021,7.433333333333334
Northeast Bronx,2022,6.55
Northern SI,2009,9.433333333333334
Northern SI,2010,10.933333333333332
Northern SI,2011,9.200000000000001
Northern SI,2012,9.200000000000001
Northern SI,2013,9.9
Northern SI,2014,8.3
Northern SI,2015,7.875
Northern SI,2016,7.550000000000001
Northern SI,2017,7.7
Northern SI,2018,6.8999999999999995
Northern SI,2019,7.0
Northern SI,2020,6.333333333333333
Northern SI,2021,6.966666666666666
Northern SI,2022,5.7
Park Slope and Carroll Gardens (CD6),2009,10.966666666666667
Park Slope and Carroll Gardens (CD6),2010,12.566666666666668
Park Slope and Carroll Gardens (CD6),2011,10.9
Park Slope and Carroll Gardens (CD6),2012,10.533333333333333
Park Slope and Carroll Gardens (CD6),2013,11.266666666666666
Park Slope and Carroll Gardens (CD6),2014,9.95
Park Slope and Carroll Gardens (CD6),2015,9.75
Park Slope and Carroll Gardens (CD6),2016,8.85
Park Slope and Carroll Gardens (CD6),2017,9.366666666666667
Park Slope and Carroll Gardens (CD6),2018,8.466666666666667
Park Slope and Carroll Gardens (CD6),2019,8.466666666666667
Park Slope and Carroll Gardens (CD6),2020,7.166666666666667
Park Slope and Carroll Gardens (CD6),2021,7.866666666666667
Park Slope and Carroll Gardens (CD6),2022,6.65
Parkchester and Soundview (CD9),2009,10.4
Parkchester and Soundview (CD9),2010,12.1
Parkchester and Soundview (CD9),2011,10.333333333333334
Parkchester and Soundview (CD9),2012,10.066666666666668
Parkchester and Soundview (CD9),2013,10.6
Parkchester and Soundview (CD9),2014,9.3
Parkchester and Soundview (CD9),2015,8.625
Parkchester and Soundview (CD9),2016,8.2
Parkchester and Soundview (CD9),2017,8.366666666666667
Parkchester and Soundview (CD9),2018,7.666666666666667
Parkchester and Soundview (CD9),2019,7.366666666666667
Parkchester and Soundview (CD9),2020,6.7
Parkchester and Soundview (CD9),2021,7.533333333333334
Parkchester and Soundview (CD9),2022,6.6
Pelham - Throgs Neck,2009,10.066666666666666
Pelham - Throgs Neck,2010,11.9
Pelham - Throgs Neck,2011,10.066666666666666
Pelham - Throgs Neck,2012,9.833333333333334
Pelham - Throgs Neck,2013,10.466666666666667
Pelham - Throgs Neck,2014,9.25
Pelham - Throgs Neck,2015,8.55
Pelham - Throgs Neck,2016,8.149999999999999
Pelham - Throgs Neck,2017,8.299999999999999
Pelham - Throgs Neck,2018,7.566666666666666
Pelham - Throgs Neck,2019,7.266666666666667
Pelham - Throgs Neck,2020,6.599999999999999
Pelham - Throgs Neck,2021,7.433333333333334
Pelham - Throgs Neck,2022,6.55
Port Richmond,2009,9.700000000000001
Port Richmond,2010,11.199999999999998
Port Richmond,2011,9.5
Port Richmond,2012,9.5
Port Richmond,2013,10.233333333333334
Port Richmond,2014,8.65
Port Richmond,2015,8.2
Port Richmond,2016,7.8
Port Richmond,2017,8.0
Port Richmond,2018,7.166666666666667
Port Richmond,2019,7.166666666666667
Port Richmond,2020,6.466666666666666
Port Richmond,2021,7.066666666666667
Port Richmond,2022,5.85
Queens,2009,9.633333333333333
Queens,2010,11.133333333333333
Queens,2011,9.533333333333333
Queens,2012,9.466666666666667
Queens,2013,9.966666666666667
Queens,2014,8.55
Queens,2015,8.1
Queens,2016,7.9
Queens,2017,7.966666666666666
Queens,2018,7.3999999999999995
Queens,2019,7.266666666666667
Queens,2020,6.566666666666666
Queens,2021,7.1000000000000005
Queens,2022,6.050000000000001
Queens Village (CD13),2009,9.1
Queens Village (CD13),2010,10.533333333333333
Queens Village (CD13),2011,9.066666666666668
Queens Village (CD13),2012,8.933333333333334
Queens Village (CD13),2013,9.4
Queens Village (CD13),2014,7.949999999999999
Queens Village (CD13),2015,7.525
Queens Village (CD13),2016,7.4
Queens Village (CD13),2017,7.566666666666667
Queens Village (CD13),2018,7.066666666666666
Queens Village (CD13),2019,6.8
Queens Village (CD13),2020,6.333333333333333
Queens Village (CD13),2021,6.833333333333333
Queens Village (CD13),2022,5.75
Rego Park and Forest Hills (CD6),2009,10.200000000000001
Rego Park and Forest Hills (CD6),2010,11.433333333333332
Rego Park and Forest Hills (CD6),2011,9.933333333333332
Rego Park and Forest Hills (CD6),2012,9.766666666666667
Rego Park and Forest Hills (CD6),2013,10.366666666666667
Rego Park and Forest Hills (CD6),2014,8.85
Rego Park and Forest Hills (CD6),2015,8.35
Rego Park and Forest Hills (CD6),2016,8.05
Rego Park and Forest Hills (CD6),2017,8.066666666666668
Rego Park and Forest Hills (CD6),2018,7.533333333333334
Rego Park and Forest Hills (CD6),2019,7.366666666666667
Rego Park and Forest Hills (CD6),2020,6.5
Rego Park and Forest Hills (CD6),2021,7.033333333333334
Rego Park and Forest Hills (CD6),2022,6.050000000000001
Ridgewood - Forest Hills,2009,9.933333333333332
Ridgewood - Forest Hills,2010,11.333333333333334
Ridgewood - Forest Hills,2011,9.733333333333334
Ridgewood - Forest Hills,2012,9.6
Ridgewood - Forest Hills,2013,10.233333333333333
Ridgewood - Forest Hills,2014,8.8
Ridgewood - Forest Hills,2015,8.375
Ridgewood - Forest Hills,2016,8.0
Ridgewood - Forest Hills,2017,8.1
Ridgewood - Forest Hills,2018,7.5
Ridgewood - Forest Hills,2019,7.3999999999999995
Ridgewood - Forest Hills,2020,6.566666666666666
Ridgewood - Forest Hills,2021,7.166666666666667
Ridgewood - Forest Hills,2022,6.15
Ridgewood and Maspeth (CD5),2009,10.133333333333333
Ridgewood and Maspeth (CD5),2010,11.633333333333333
Ridgewood and Maspeth (CD5),2011,10.0
Ridgewood and Maspeth (CD5),2012,9.866666666666667
Ridgewood and Maspeth (CD5),2013,10.533333333333333
Ridgewood and Maspeth (CD5),2014,9.2
Ridgewood and Maspeth (CD5),2015,8.8
Ridgewood and Maspeth (CD5),2016,8.3
Ridgewood and Maspeth (CD5),2017,8.5
Ridgewood and Maspeth (CD5),2018,7.8999999999999995
Ridgewood and Maspeth (CD5),2019,7.7
Ridgewood and Maspeth (CD5),2020,6.8999999999999995
Ridgewood and Maspeth (CD5),2021,7.566666666666667
Ridgewood and Maspeth (CD5),2022,6.300000000000001
Riverdale and Fieldston (CD8),2009,10.666666666666666
Riverdale and Fieldston (CD8),2010,12.200000000000001
Riverdale and Fieldston (CD8),2011,10.166666666666666
Riverdale and Fieldston (CD8),2012,10.1
Riverdale and Fieldston (CD8),2013,10.466666666666667
Riverdale and Fieldston (CD8),2014,9.45
Riverdale and Fieldston (CD8),2015,8.675
Riverdale and Fieldston (CD8),2016,7.9
Riverdale and Fieldston (CD8),2017,8.299999999999999
Riverdale and Fieldston (CD8),2018,7.466666666666666
Riverdale and Fieldston (CD8),2019,6.933333333333334
Riverdale and Fieldston (CD8),2020,6.466666666666666
Riverdale and Fieldston (CD8),2021,7.466666666666666
Riverdale and Fieldston (CD8),2022,6.55
Rockaway and Broad Channel (CD14),2009,8.5
Rockaway and Broad Channel (CD14),2010,9.799999999999999
Rockaway and Broad Channel (CD14),2011,8.233333333333333
Rockaway and Broad Channel (CD14),2012,8.733333333333333
Rockaway and Broad Channel (CD14),2013,9.0
Rockaway and Broad Channel (CD14),2014,7.4
Rockaway and Broad Channel (CD14),2015,6.85
Rockaway and Broad Channel (CD14),2016,7.1
Rockaway and Broad Channel (CD14),2017,7.0
Rockaway and Broad Channel (CD14),2018,6.733333333333333
Rockaway and Broad Channel (CD14),2019,6.233333333333333
Rockaway and Broad Channel (CD14),2020,5.966666666666666
Rockaway and Broad Channel (CD14),2021,6.366666666666667
Rockaway and Broad Channel (CD14),2022,5.25
Rockaways,2009,8.533333333333333
Rockaways,2010,9.799999999999999
Rockaways,2011,8.233333333333333
Rockaways,2012,8.733333333333333
Rockaways,2013,9.033333333333333
Rockaways,2014,7.4
Rockaways,2015,6.8500000000000005
Rockaways,2016,7.1
Rockaways,2017,7.0
Rockaways,2018,6.733333333333333
Rockaways,2019,6.233333333333333
Rockaways,2020,5.966666666666666
Rockaways,2021,6.366666666666667
Rockaways,2022,5.25
Sheepshead Bay (CD15),2009,9.466666666666667
Sheepshead Bay (CD15),2010,10.833333333333334
Sheepshead Bay (CD15),2011,9.133333333333333
Sheepshead Bay (CD15),2012,9.266666666666667
Sheepshead Bay (CD15),2013,9.733333333333334
Sheepshead Bay (CD15),2014,8.05
Sheepshead Bay (CD15),2015,7.625
Sheepshead Bay (CD15),2016,7.550000000000001
Sheepshead Bay (CD15),2017,7.666666666666667
Sheepshead Bay (CD15),2018,7.033333333333334
Sheepshead Bay (CD15),2019,6.933333333333334
Sheepshead Bay (CD15),2020,6.266666666666667
Sheepshead Bay (CD15),2021,6.933333333333334
Sheepshead Bay (CD15),2022,5.6
South Beach - Tottenville,2009,9.366666666666667
South Beach - Tottenville,2010,10.700000000000001
South Beach - Tottenville,2011,9.266666666666667
South Beach - Tottenville,2012,9.066666666666666
South Beach - Tottenville,2013,9.633333333333333
South Beach - Tottenville,2014,7.85
South Beach - Tottenville,2015,7.35
South Beach - Tottenville,2016,7.2
South Beach - Tottenville,2017,7.366666666666667
South Beach - Tottenville,2018,6.666666666666667
South Beach - Tottenville,2019,6.3999999999999995
South Beach - Tottenville,2020,6.1000000000000005
South Beach - Tottenville,2021,6.466666666666666
South Beach - Tottenville,2022,5.3
South Beach and Willowbrook (CD2),2009,9.466666666666667
South Beach and Willowbrook (CD2),2010,10.9
South Beach and Willowbrook (CD2),2011,9.266666666666666
South Beach and Willowbrook (CD2),2012,9.299999999999999
South Beach and Willowbrook (CD2),2013,9.933333333333334
South Beach and Willowbrook (CD2),2014,8.2
South Beach and Willowbrook (CD2),2015,7.75
South Beach and Willowbrook (CD2),2016,7.550000000000001
South Beach and Willowbrook (CD2),2017,7.666666666666667
South Beach and Willowbrook (CD2),2018,6.866666666666667
South Beach and Willowbrook (CD2),2019,6.733333333333334
South Beach and Willowbrook (CD2),2020,6.233333333333333
South Beach and Willowbrook (CD2),2021,6.733333333333333
South Beach and Willowbrook (CD2),2022,5.550000000000001
South Bronx,2009,11.333333333333334
South Bronx,2010,12.833333333333334
South Bronx,2011,11.133333333333333
South Bronx,2012,10.9
South Bronx,2013,11.266666666666666
South Bronx,2014,9.95
South Bronx,2015,9.225
South Bronx,2016,8.8
South Bronx,2017,9.033333333333333
South Bronx,2018,8.233333333333333
South Bronx,2019,7.7
South Bronx,2020,6.833333333333333
South Bronx,2021,7.6000000000000005
South Bronx,2022,6.7
South Crown Heights and Lefferts Gardens (CD9),2009,10.366666666666667
South Crown Heights and Lefferts Gardens (CD9),2010,11.6
South Crown Heights and Lefferts Gardens (CD9),2011,10.0
South Crown Heights and Lefferts Gardens (CD9),2012,9.733333333333334
South Crown Heights and Lefferts Gardens (CD9),2013,10.333333333333334
South Crown Heights and Lefferts Gardens (CD9),2014,8.850000000000001
South Crown Heights and Lefferts Gardens (CD9),2015,8.6
South Crown Heights and Lefferts Gardens (CD9),2016,7.9
South Crown Heights and Lefferts Gardens (CD9),2017,8.299999999999999
South Crown Heights and Lefferts Gardens (CD9),2018,7.466666666666666
South Crown Heights and Lefferts Gardens (CD9),2019,7.3
South Crown Heights and Lefferts Gardens (CD9),2020,6.533333333333334
South Crown Heights and Lefferts Gardens (CD9),2021,7.233333333333333
South Crown Heights and Lefferts Gardens (CD9),2022,6.0
South Ozone Park and Howard Beach (CD10),2009,9.5
South Ozone Park and Howard Beach (CD10),2010,10.633333333333333
South Ozone Park and Howard Beach (CD10),2011,9.066666666666666
South Ozone Park and Howard Beach (CD10),2012,9.1
South Ozone Park and Howard Beach (CD10),2013,9.533333333333333
South Ozone Park and Howard Beach (CD10),2014,8.100000000000001
South Ozone Park and Howard Beach (CD10),2015,7.7250000000000005
South Ozone Park and Howard Beach (CD10),2016,7.5
South Ozone Park and Howard Beach (CD10),2017,7.533333333333334
South Ozone Park and Howard Beach (CD10),2018,7.0
South Ozone Park and Howard Beach (CD10),2019,6.8999999999999995
South Ozone Park and Howard Beach (CD10),2020,6.266666666666667
South Ozone Park and Howard Beach (CD10),2021,6.766666666666667
South Ozone Park and Howard Beach (CD10),2022,5.7
Southeast Queens,2009,9.1
Southeast Queens,2010,10.533333333333333
Southeast Queens,2011,9.033333333333333
Southeast Queens,2012,8.933333333333334
Southeast Queens,2013,9.4
Southeast Queens,2014,7.949999999999999
Southeast Queens,2015,7.525
Southeast Queens,2016,7.4
Southeast Queens,2017,7.566666666666666
Southeast Queens,2018,7.066666666666666
Southeast Queens,2019,6.8
Southeast Queens,2020,6.3
Southeast Queens,2021,6.766666666666667
Southeast Queens,2022,5.75
Southern SI,2009,9.466666666666667
Southern SI,2010,10.799999999999999
Southern SI,2011,9.333333333333334
Southern SI,2012,9.200000000000001
Southern SI,2013,9.833333333333334
Southern SI,2014,8.05
Southern SI,2015,7.6
Southern SI,2016,7.35
Southern SI,2017,7.533333333333334
Southern SI,2018,6.8
Southern SI,2019,6.533333333333334
Southern SI,2020,6.166666666666667
Southern SI,2021,6.566666666666666
Southern SI,2022,5.4
Southwest Queens,2009,9.666666666666666
Southwest Queens,2010,10.799999999999999
Southwest Queens,2011,9.266666666666667
Southwest Queens,2012,9.233333333333333
Southwest Queens,2013,9.766666666666667
Southwest Queens,2014,8.3
Southwest Queens,2015,7.875
Southwest Queens,2016,7.65
Southwest Queens,2017,7.633333333333333
Southwest Queens,2018,7.166666666666667
Southwest Queens,2019,7.033333333333334
Southwest Queens,2020,6.366666666666667
Southwest Queens,2021,6.8999999999999995
Southwest Queens,2022,5.85
St. George and Stapleton (CD1),2009,9.566666666666666
St. George and Stapleton (CD1),2010,11.066666666666668
St. George and Stapleton (CD1),2011,9.333333333333334
St. George and Stapleton (CD1),2012,9.333333333333334
St. George and Stapleton (CD1),2013,10.033333333333333
St. George and Stapleton (CD1),2014,8.45
St. George and Stapleton (CD1),2015,8.025
St. George and Stapleton (CD1),2016,7.6
St. George and Stapleton (CD1),2017,7.8
St. George and Stapleton (CD1),2018,7.0
St. George and Stapleton (CD1),2019,7.033333333333334
St. George and Stapleton (CD1),2020,6.366666666666667
St. George and Stapleton (CD1),2021,7.0
St. George and Stapleton (CD1),2022,5.75
Stapleton - St. George,2009,9.266666666666667
Stapleton - St. George,2010,10.799999999999999
Stapleton - St. George,2011,9.066666666666666
Stapleton - St. George,2012,9.1
Stapleton - St. George,2013,9.733333333333334
Stapleton - St. George,2014,8.15
Stapleton - St. George,2015,7.675
Stapleton - St. George,2016,7.449999999999999
Stapleton - St. George,2017,7.6000000000000005
Stapleton - St. George,2018,6.766666666666667
Stapleton - St. George,2019,6.833333333333333
Stapleton - St. George,2020,6.266666666666667
Stapleton - St. George,2021,6.8999999999999995
Stapleton - St. George,2022,5.6
Staten Island,2009,9.466666666666667
Staten Island,2010,10.833333333333334
Staten Island,2011,9.299999999999999
Staten Island,2012,9.200000000000001
Staten Island,2013,9.833333333333334
Staten Island,2014,8.15
Staten Island,2015,7.675
Staten Island,2016,7.449999999999999
Staten Island,2017,7.566666666666666
Staten Island,2018,6.8
Staten Island,2019,6.666666666666667
Staten Island,2020,6.2
Staten Island,2021,6.733333333333333
Staten Island,2022,5.5
Stuyvesant Town and Turtle Bay (CD6),2009,13.433333333333332
Stuyvesant Town and Turtle Bay (CD6),2010,14.433333333333332
Stuyvesant Town and Turtle Bay (CD6),2011,12.866666666666667
Stuyvesant Town and Turtle Bay (CD6),2012,13.166666666666666
Stuyvesant Town and Turtle Bay (CD6),2013,13.766666666666666
Stuyvesant Town and Turtle Bay (CD6),2014,11.8
Stuyvesant Town and Turtle Bay (CD6),2015,10.975
Stuyvesant Town and Turtle Bay (CD6),2016,10.25
Stuyvesant Town and Turtle Bay (CD6),2017,10.533333333333333
Stuyvesant Town and Turtle Bay (CD6),2018,10.333333333333334
Stuyvesant Town and Turtle Bay (CD6),2019,10.1
Stuyvesant Town and Turtle Bay (CD6),2020,7.966666666666666
Stuyvesant Town and Turtle Bay (CD6),2021,8.666666666666666
Stuyvesant Town and Turtle Bay (CD6),2022,7.6
Sunset Park,2009,10.766666666666666
Sunset Park,2010,12.266666666666666
Sunset Park,2011,10.566666666666666
Sunset Park,2012,10.266666666666667
Sunset Park,2013,10.933333333333332
Sunset Park,2014,9.55
Sunset Park,2015,9.3
Sunset Park,2016,8.600000000000001
Sunset Park,2017,9.066666666666668
Sunset Park,2018,8.166666666666666
Sunset Park,2019,8.133333333333333
Sunset Park,2020,7.033333333333334
Sunset Park,2021,7.766666666666667
Sunset Park,2022,6.45
Sunset Park (CD7),2009,10.833333333333334
Sunset Park (CD7),2010,12.333333333333334
Sunset Park (CD7),2011,10.666666666666666
Sunset Park (CD7),2012,10.299999999999999
Sunset Park (CD7),2013,11.0
Sunset Park (CD7),2014,9.649999999999999
Sunset Park (CD7),2015,9.425
Sunset Park (CD7),2016,8.7
Sunset Park (CD7),2017,9.133333333333333
Sunset Park (CD7),2018,8.200000000000001
Sunset Park (CD7),2019,8.166666666666666
Sunset Park (CD7),2020,7.033333333333334
Sunset Park (CD7),2021,7.766666666666667
Sunset Park (CD7),2022,6.45
Throgs Neck and Co-op City (CD10),2009,9.9
Throgs Neck and Co-op City (CD10),2010,11.766666666666666
Throgs Neck and Co-op City (CD10),2011,9.9
Throgs Neck and Co-op City (CD10),2012,9.766666666666667
Throgs Neck and Co-op City (CD10),2013,10.4
Throgs Neck and Co-op City (CD10),2014,9.25
Throgs Neck and Co-op City (CD10),2015,8.575
Throgs Neck and Co-op City (CD10),2016,8.1
Throgs Neck and Co-op City (CD10),2017,8.233333333333333
Throgs Neck and Co-op City (CD10),2018,7.5
Throgs Neck and Co-op City (CD10),2019,7.233333333333333
Throgs Neck and Co-op City (CD10),2020,6.566666666666666
Throgs Neck and Co-op City (CD10),2021,7.366666666666667
Throgs Neck and Co-op City (CD10),2022,6.45
Tottenville and Great Kills (CD3),2009,9.433333333333334
Tottenville and Great Kills (CD3),2010,10.700000000000001
Tottenville and Great Kills (CD3),2011,9.299999999999999
Tottenville and Great Kills (CD3),2012,9.066666666666666
Tottenville and Great Kills (CD3),2013,9.633333333333333
Tottenville and Great Kills (CD3),2014,7.85
Tottenville and Great Kills (CD3),2015,7.375
Tottenville and Great Kills (CD3),2016,7.2
Tottenville and Great Kills (CD3),2017,7.366666666666667
Tottenville and Great Kills (CD3),2018,6.7
Tottenville and Great Kills (CD3),2019,6.366666666666667
Tottenville and Great Kills (CD3),2020,6.1000000000000005
Tottenville and Great Kills (CD3),2021,6.433333333333334
Tottenville and Great Kills (CD3),2022,5.3
Union Square - Lower East Side,2009,11.266666666666666
Union Square - Lower East Side,2010,12.833333333333334
Union Square - Lower East Side,2011,11.166666666666666
Union Square - Lower East Side,2012,11.200000000000001
Union Square - Lower East Side,2013,11.866666666666667
Union Square - Lower East Side,2014,10.35
Union Square - Lower East Side,2015,9.825
Union Square - Lower East Side,2016,9.0
Union Square - Lower East Side,2017,9.433333333333332
Union Square - Lower East Side,2018,9.166666666666666
Union Square - Lower East Side,2019,9.766666666666667
Union Square - Lower East Side,2020,7.933333333333334
Union Square - Lower East Side,2021,8.666666666666666
Union Square - Lower East Side,2022,7.55
Union Square-Lower Manhattan,2009,11.666666666666666
Union Square-Lower Manhattan,2010,13.1
Union Square-Lower Manhattan,2011,11.466666666666667
Union Square-Lower Manhattan,2012,11.433333333333332
Union Square-Lower Manhattan,2013,12.133333333333333
Union Square-Lower Manhattan,2014,10.5
Union Square-Lower Manhattan,2015,10.0
Union Square-Lower Manhattan,2016,9.15
Union Square-Lower Manhattan,2017,9.6
Union Square-Lower Manhattan,2018,9.233333333333334
Union Square-Lower Manhattan,2019,9.6
Union Square-Lower Manhattan,2020,7.833333333333333
Union Square-Lower Manhattan,2021,8.566666666666666
Union Square-Lower Manhattan,2022,7.4
Upper East Side,2009,12.200000000000001
Upper East Side,2010,13.5
Upper East Side,2011,11.866666666666667
Upper East Side,2012,12.1
Upper East Side,2013,12.6
Upper East Side,2014,10.75
Upper East Side,2015,9.875
Upper East Side,2016,9.399999999999999
Upper East Side,2017,9.700000000000001
Upper East Side,2018,9.233333333333333
Upper East Side,2019,8.566666666666666
Upper East Side,2020,7.066666666666666
Upper East Side,2021,7.666666666666667
Upper East Side,2022,6.75
Upper East Side (CD8),2009,12.266666666666666
Upper East Side (CD8),2010,13.5
Upper East Side (CD8),2011,11.866666666666667
Upper East Side (CD8),2012,12.133333333333333
Upper East Side (CD8),2013,12.6
Upper East Side (CD8),2014,10.8
Upper East Side (CD8),2015,9.9
Upper East Side (CD8),2016,9.45
Upper East Side (CD8),2017,9.700000000000001
Upper East Side (CD8),2018,9.266666666666666
Upper East Side (CD8),2019,8.6
Upper East Side (CD8),2020,7.1000000000000005
Upper East Side (CD8),2021,7.666666666666667
Upper East Side (CD8),2022,6.75
Upper East Side-Gramercy,2009,13.299999999999999
Upper East Side-Gramercy,2010,14.299999999999999
Upper East Side-Gramercy,2011,12.733333333333334
Upper East Side-Gramercy,2012,13.033333333333333
Upper East Side-Gramercy,2013,13.533333333333333
Upper East Side-Gramercy,2014,11.600000000000001
Upper East Side-Gramercy,2015,10.65
Upper East Side-Gramercy,2016,10.100000000000001
Upper East Side-Gramercy,2017,10.333333333333334
Upper East Side-Gramercy,2018,10.133333333333333
Upper East Side-Gramercy,2019,9.6
Upper East Side-Gramercy,2020,7.666666666666667
Upper East Side-Gramercy,2021,8.299999999999999
Upper East Side-Gramercy,2022,7.3
Upper West Side,2009,11.466666666666667
Upper West Side,2010,12.966666666666667
Upper West Side,2011,11.266666666666666
Upper West Side,2012,11.466666666666667
Upper West Side,2013,11.866666666666667
Upper West Side,2014,10.2
Upper West Side,2015,9.4
Upper West Side,2016,8.85
Upper West Side,2017,9.200000000000001
Upper West Side,2018,8.633333333333333
Upper West Side,2019,7.966666666666666
Upper West Side,2020,6.8
Upper West Side,2021,7.433333333333334
Upper West Side,2022,6.55
Upper West Side (CD7),2009,11.433333333333332
Upper West Side (CD7),2010,12.933333333333332
Upper West Side (CD7),2011,11.233333333333334
Upper West Side (CD7),2012,11.466666666666667
Upper West Side (CD7),2013,11.866666666666667
Upper West Side (CD7),2014,10.2
Upper West Side (CD7),2015,9.4
Upper West Side (CD7),2016,8.85
Upper West Side (CD7),2017,9.200000000000001
Upper West Side (CD7),2018,8.633333333333333
Upper West Side (CD7),2019,7.966666666666666
Upper West Side (CD7),2020,6.8
Upper West Side (CD7),2021,7.433333333333333
Upper West Side (CD7),2022,6.55
Washington Heights,2009,11.233333333333334
Washington Heights,2010,12.6
Washington Heights,2011,10.783333333333333
Washington Heights,2012,10.65
Washington Heights,2013,10.933333333333332
Washington Heights,2014,9.625
Washington Heights,2015,8.9
Washington Heights,2016,8.35
Washington Heights,2017,8.666666666666666
Washington Heights,2018,7.933333333333333
Washington Heights,2019,7.566666666666666
Washington Heights,2020,6.833333333333333
Washington Heights,2021,7.666666666666667
Washington Heights,2022,6.75
Washington Heights and Inwood (CD12),2009,11.299999999999999
Washington Heights and Inwood (CD12),2010,12.666666666666666
Washington Heights and Inwood (CD12),2011,10.866666666666667
Washington Heights and Inwood (CD12),2012,10.733333333333334
Washington Heights and Inwood (CD12),2013,10.966666666666667
Washington Heights and Inwood (CD12),2014,9.600000000000001
Washington Heights and Inwood (CD12),2015,8.9
Washington Heights and Inwood (CD12),2016,8.3
Washington Heights and Inwood (CD12),2017,8.666666666666666
Washington Heights and Inwood (CD12),2018,7.933333333333333
Washington Heights and Inwood (CD12),2019,7.566666666666666
Washington Heights and Inwood (CD12),2020,6.833333333333333
Washington Heights and Inwood (CD12),2021,7.666666666666667
Washington Heights and Inwood (CD12),2022,6.75
West Queens,2009,10.266666666666667
West Queens,2010,12.0
West Queens,2011,10.333333333333334
West Queens,2012,10.233333333333334
West Queens,2013,10.866666666666667
West Queens,2014,9.5
West Queens,2015,8.975
West Queens,2016,8.6
West Queens,2017,8.733333333333333
West Queens,2018,8.166666666666666
West Queens,2019,8.066666666666666
West Queens,2020,7.133333333333333
West Queens,2021,7.733333333333333
West Queens,2022,6.550000000000001
Williamsbridge and Baychester (CD12),2009,10.033333333333333
Williamsbridge and Baychester (CD12),2010,11.866666666666667
Williamsbridge and Baychester (CD12),2011,9.733333333333334
Williamsbridge and Baychester (CD12),2012,9.799999999999999
Williamsbridge and Baychester (CD12),2013,10.4
Williamsbridge and Baychester (CD12),2014,9.35
Williamsbridge and Baychester (CD12),2015,8.65
Williamsbridge and Baychester (CD12),2016,7.9
Williamsbridge and Baychester (CD12),2017,8.233333333333333
Williamsbridge and Baychester (CD12),2018,7.466666666666666
Williamsbridge and Baychester (CD12),2019,6.966666666666666
Williamsbridge and Baychester (CD12),2020,6.466666666666666
Williamsbridge and Baychester (CD12),2021,7.466666666666666
Williamsbridge and Baychester (CD12),2022,6.55
Williamsburg - Bushwick,2009,11.083333333333334
Williamsburg - Bushwick,2010,12.716666666666667
Williamsburg - Bushwick,2011,11.0
Williamsburg - Bushwick,2012,10.866666666666667
Williamsburg - Bushwick,2013,11.566666666666668
Williamsburg - Bushwick,2014,10.125
Williamsburg - Bushwick,2015,9.475
Williamsburg - Bushwick,2016,8.8
Williamsburg - Bushwick,2017,9.166666666666666
Williamsburg - Bushwick,2018,8.5
Williamsburg - Bushwick,2019,8.266666666666667
Williamsburg - Bushwick,2020,7.266666666666667
Williamsburg - Bushwick,2021,7.933333333333334
Williamsburg - Bushwick,2022,6.7
Willowbrook,2009,9.666666666666666
Willowbrook,2010,11.066666666666668
Willowbrook,2011,9.433333333333334
Willowbrook,2012,9.433333333333332
Willowbrook,2013,10.1
Willowbrook,2014,8.45
Willowbrook,2015,7.95
Willowbrook,2016,7.699999999999999
Willowbrook,2017,7.833333333333333
Willowbrook,2018,6.933333333333334
Willowbrook,2019,6.8
Willowbrook,2020,6.233333333333333
Willowbrook,2021,6.766666666666667
Willowbrook,2022,5.550000000000001
Woodside and Sunnyside (CD2),2009,10.966666666666667
Woodside and Sunnyside (CD2),2010,12.933333333333332
Woodside and Sunnyside (CD2),2011,11.166666666666666
Woodside and Sunnyside (CD2),2012,11.166666666666666
Woodside and Sunnyside (CD2),2013,11.866666666666667
Woodside and Sunnyside (CD2),2014,10.55
Woodside and Sunnyside (CD2),2015,10.100000000000001
Woodside and Sunnyside (CD2),2016,9.600000000000001
Woodside and Sunnyside (CD2),2017,9.799999999999999
Woodside and Sunnyside (CD2),2018,9.166666666666666
Woodside and Sunnyside (CD2),2019,8.833333333333334
Woodside and Sunnyside (CD2),2020,7.6000000000000005
Woodside and Sunnyside (CD2),2021,8.133333333333333
Woodside and Sunnyside (CD2),2022,6.85
New York City,2009,10.538061465721041
New York City,2010,11.9903073286052
New York City,2011,10.308983451536642
New York City,2012,10.246335697399527
New York City,2013,10.786052009456265
New York City,2014,9.317375886524824
New York City,2015,8.791312056737588
New York City,2016,8.334751773049646
New York City,2017,8.566903073286053
New York City,2018,7.937588652482269
New York City,2019,7.714893617021277
New York City,2020,6.802364066193854
New York City,2021,7.4851063829787226
New York City,2022,6.397872340425532
